{"cameraMode":{"drawMode":0,"name":"Shaded","section":"Shading Mode"},"sceneLighting":true,"audioPlay":false,"sceneViewState":{"showFog":true,"showMaterialUpdate":false,"showSkybox":true,"showFlares":true,"showImageEffects":true,"showParticleSystems":true},"in2DMode":false,"pivot":{"x":6.117016315460205,"y":-0.3998680114746094,"z":-0.42926788330078127},"rotation":{"x":0.036529541015625,"y":-0.9045552015304565,"z":0.41737860441207888,"w":0.07915911078453064},"size":11.96398639678955,"orthographic":false}