{"cameraMode":{"drawMode":0,"name":"Shaded","section":"Shading Mode"},"sceneLighting":true,"audioPlay":false,"sceneViewState":{"showFog":true,"showMaterialUpdate":false,"showSkybox":true,"showFlares":true,"showImageEffects":true,"showParticleSystems":true},"in2DMode":false,"pivot":{"x":-7.539594650268555,"y":-18.661500930786134,"z":-0.1571369171142578},"rotation":{"x":0.3107541501522064,"y":0.5262529850006104,"z":-0.2147054523229599,"w":0.7618829607963562},"size":43.884159088134769,"orthographic":false}