{"cameraMode":{"drawMode":0,"name":"Shaded","section":"Shading Mode"},"sceneLighting":true,"audioPlay":false,"sceneViewState":{"showFog":true,"showMaterialUpdate":false,"showSkybox":true,"showFlares":true,"showImageEffects":true,"showParticleSystems":true},"in2DMode":false,"pivot":{"x":-7.226080894470215,"y":12.550230026245118,"z":12.629026412963868},"rotation":{"x":0.06369378417730332,"y":0.8651583790779114,"z":-0.4842877686023712,"w":0.11382360756397248},"size":53.2241096496582,"orthographic":false}