{"cameraMode":{"drawMode":0,"name":"Shaded","section":"Shading Mode"},"sceneLighting":true,"audioPlay":false,"sceneViewState":{"showFog":true,"showMaterialUpdate":false,"showSkybox":true,"showFlares":true,"showImageEffects":true,"showParticleSystems":true},"in2DMode":false,"pivot":{"x":-21.776487350463868,"y":-6.530503273010254,"z":-9.445764541625977},"rotation":{"x":0.29127761721611025,"y":0.49503040313720705,"z":-0.1806006282567978,"w":0.7984442114830017},"size":21.934343338012697,"orthographic":false}