{"cameraMode":{"drawMode":0,"name":"Shaded","section":"Shading Mode"},"sceneLighting":false,"audioPlay":false,"sceneViewState":{"showFog":true,"showMaterialUpdate":false,"showSkybox":false,"showFlares":true,"showImageEffects":true,"showParticleSystems":true},"in2DMode":false,"pivot":{"x":0.48005837202072146,"y":0.4365151822566986,"z":-0.23886147141456605},"rotation":{"x":0.24191392958164216,"y":0.6766049861907959,"z":-0.25260573625564577,"w":0.6479981541633606},"size":1.4409886598587037,"orthographic":false}