{"cameraMode":{"drawMode":0,"name":"Shaded","section":"Shading Mode"},"sceneLighting":true,"audioPlay":false,"sceneViewState":{"showFog":true,"showMaterialUpdate":false,"showSkybox":true,"showFlares":true,"showImageEffects":true,"showParticleSystems":true},"in2DMode":false,"pivot":{"x":-46.14202880859375,"y":2.0220303535461427,"z":-20.721553802490236},"rotation":{"x":0.14365173876285554,"y":0.856300950050354,"z":-0.35532161593437197,"w":0.3463154733181},"size":4.553067684173584,"orthographic":false}