{"cameraMode":{"drawMode":0,"name":"Shaded","section":"Shading Mode"},"sceneLighting":true,"audioPlay":false,"sceneViewState":{"showFog":true,"showMaterialUpdate":false,"showSkybox":true,"showFlares":true,"showImageEffects":true,"showParticleSystems":true},"in2DMode":false,"pivot":{"x":-28.924957275390626,"y":62.80531311035156,"z":85.31466674804688},"rotation":{"x":-0.018765363842248918,"y":0.9001468420028687,"z":-0.4334971606731415,"w":-0.03889516741037369},"size":10.0,"orthographic":false}