{"cameraMode":{"drawMode":0,"name":"Shaded","section":"Shading Mode"},"sceneLighting":true,"audioPlay":false,"sceneViewState":{"showFog":true,"showMaterialUpdate":false,"showSkybox":true,"showFlares":true,"showImageEffects":true,"showParticleSystems":true},"in2DMode":false,"pivot":{"x":-9.696159362792969,"y":8.12381649017334,"z":-6.042458534240723},"rotation":{"x":0.29127761721611025,"y":0.49503040313720705,"z":-0.1806006282567978,"w":0.7984442114830017},"size":27.113447189331056,"orthographic":false}