{"cameraMode":{"drawMode":0,"name":"Shaded","section":"Shading Mode"},"sceneLighting":true,"audioPlay":false,"sceneViewState":{"showFog":true,"showMaterialUpdate":false,"showSkybox":true,"showFlares":true,"showImageEffects":true,"showParticleSystems":true},"in2DMode":false,"pivot":{"x":-11.161806106567383,"y":-31.8052978515625,"z":23.97679901123047},"rotation":{"x":0.023522304370999337,"y":0.9603275656700134,"z":-0.26455074548721316,"w":0.08551296591758728},"size":53.30084991455078,"orthographic":false}