{"cameraMode":{"drawMode":0,"name":"Shaded","section":"Shading Mode"},"sceneLighting":false,"audioPlay":false,"sceneViewState":{"showFog":true,"showMaterialUpdate":false,"showSkybox":false,"showFlares":true,"showImageEffects":true,"showParticleSystems":true},"in2DMode":false,"pivot":{"x":30.02718734741211,"y":0.7300000190734863,"z":30.100154876708986},"rotation":{"x":-0.22728943824768067,"y":0.7582958936691284,"z":-0.33889320492744448,"w":-0.5084697604179382},"size":2.094999074935913,"orthographic":false}