{"cameraMode":{"drawMode":0,"name":"Shaded","section":"Shading Mode"},"sceneLighting":false,"audioPlay":false,"sceneViewState":{"showFog":true,"showMaterialUpdate":false,"showSkybox":false,"showFlares":true,"showImageEffects":true,"showParticleSystems":true},"in2DMode":false,"pivot":{"x":850.51953125,"y":340.6105041503906,"z":276.2213134765625},"rotation":{"x":0.14365173876285554,"y":0.856300950050354,"z":-0.35532161593437197,"w":0.3463154733181},"size":1002.4839477539063,"orthographic":false}