{"cameraMode":{"drawMode":0,"name":"Shaded","section":"Shading Mode"},"sceneLighting":true,"audioPlay":false,"sceneViewState":{"showFog":true,"showMaterialUpdate":false,"showSkybox":true,"showFlares":true,"showImageEffects":true,"showParticleSystems":true},"in2DMode":false,"pivot":{"x":-15.979999542236329,"y":14.529999732971192,"z":3.4600000381469728},"rotation":{"x":-0.07016824185848236,"y":-0.9013909101486206,"z":0.3964003622531891,"w":-0.1595700979232788},"size":0.4368971586227417,"orthographic":false}