{"cameraMode":{"drawMode":0,"name":"Shaded","section":"Shading Mode"},"sceneLighting":true,"audioPlay":false,"sceneViewState":{"showFog":true,"showMaterialUpdate":false,"showSkybox":true,"showFlares":true,"showImageEffects":true,"showParticleSystems":true},"in2DMode":false,"pivot":{"x":11.482855796813965,"y":5.047783851623535,"z":-20.120704650878908},"rotation":{"x":-0.015045247040688992,"y":0.8758227825164795,"z":-0.4816628694534302,"w":-0.027324851602315904},"size":21.469152450561525,"orthographic":false}