{"cameraMode":{"drawMode":0,"name":"Shaded","section":"Shading Mode"},"sceneLighting":false,"audioPlay":false,"sceneViewState":{"showFog":true,"showMaterialUpdate":false,"showSkybox":false,"showFlares":true,"showImageEffects":true,"showParticleSystems":true},"in2DMode":false,"pivot":{"x":-32.40705871582031,"y":0.3009084463119507,"z":98.35063171386719},"rotation":{"x":0.21604888141155244,"y":-0.16027386486530305,"z":0.035968977957963946,"w":0.9624823331832886},"size":3.4305222034454347,"orthographic":false}