{"cameraMode":{"drawMode":0,"name":"Shaded","section":"Shading Mode"},"sceneLighting":true,"audioPlay":false,"sceneViewState":{"showFog":true,"showMaterialUpdate":false,"showSkybox":true,"showFlares":true,"showImageEffects":true,"showParticleSystems":true},"in2DMode":false,"pivot":{"x":-15.693195343017579,"y":14.409822463989258,"z":3.516122341156006},"rotation":{"x":0.0038690934889018537,"y":-0.9336131811141968,"z":0.3581557273864746,"w":0.01007324643433094},"size":0.4368971586227417,"orthographic":false}