{"cameraMode":{"drawMode":0,"name":"Shaded","section":"Shading Mode"},"sceneLighting":true,"audioPlay":false,"sceneViewState":{"showFog":true,"showMaterialUpdate":false,"showSkybox":true,"showFlares":true,"showImageEffects":true,"showParticleSystems":true},"in2DMode":false,"pivot":{"x":-47.16835021972656,"y":-56.78131103515625,"z":9.340271949768067},"rotation":{"x":-0.024861956015229226,"y":0.9329861402511597,"z":-0.3531036972999573,"w":-0.06558766961097717},"size":65.18651580810547,"orthographic":false}