{"cameraMode":{"drawMode":0,"name":"Shaded","section":"Shading Mode"},"sceneLighting":true,"audioPlay":false,"sceneViewState":{"showFog":true,"showMaterialUpdate":false,"showSkybox":true,"showFlares":true,"showImageEffects":true,"showParticleSystems":true},"in2DMode":false,"pivot":{"x":-0.11381866037845612,"y":-4.440977096557617,"z":-8.194143295288086},"rotation":{"x":0.09415949881076813,"y":0.8991843461990356,"z":-0.3542662262916565,"w":0.23901507258415223},"size":7.894690036773682,"orthographic":false}