{"cameraMode":{"drawMode":0,"name":"Shaded","section":"Shading Mode"},"sceneLighting":false,"audioPlay":false,"sceneViewState":{"showFog":true,"showMaterialUpdate":false,"showSkybox":false,"showFlares":true,"showImageEffects":true,"showParticleSystems":true},"in2DMode":false,"pivot":{"x":-0.028687715530395509,"y":2.7924585342407228,"z":-0.03411099314689636},"rotation":{"x":-0.15660837292671204,"y":-0.8406502604484558,"z":0.4017464220523834,"w":-0.3277131915092468},"size":5.598516464233398,"orthographic":false}